run_id,mode,keyword_id,state,seed_type,seed_value,status,latency_ms,result_count,new_unique_businesses,api_request_count,retry_count,estimated_credit_usage,pagination_stop_reason,query_text,http_status,error_message,fingerprint
20260702T084544Z_raw_zip_max_ac84673e,raw_zip_max,architect,GA,raw_zip,"30079, Scottdale",success,2408,4,4,1,0,1,short_page,"Architect, 30079, Scottdale, GA, US",200,,f364276394dca706b4b8cbeda18f0a7d488caff8
20260702T084544Z_raw_zip_max_ac84673e,raw_zip_max,architect,GA,raw_zip,"30081, Smyrna",success,2460,8,5,1,0,1,short_page,"Architect, 30081, Smyrna, GA, US",200,,22f14cf5123046a2a41988c89ba57ff9e72d48c0
20260702T084544Z_raw_zip_max_ac84673e,raw_zip_max,architect,GA,raw_zip,"30091, Norcross",success,2746,7,5,1,0,1,short_page,"Architect, 30091, Norcross, GA, US",200,,ff6751b330ad8426c2226d21eff77b1946db3bd1
20260702T084544Z_raw_zip_max_ac84673e,raw_zip_max,architect,GA,raw_zip,"30072, Pine Lake",success,2852,0,0,1,0,1,empty_page,"Architect, 30072, Pine Lake, GA, US",200,,5e8813d7e23b18c18fb1056772430dbd41d9326e
20260702T084544Z_raw_zip_max_ac84673e,raw_zip_max,architect,GA,raw_zip,"30074, Redan",success,2931,7,5,1,0,1,short_page,"Architect, 30074, Redan, GA, US",200,,f52356922990b647e2f286223cd21c099730056a
20260702T084544Z_raw_zip_max_ac84673e,raw_zip_max,architect,GA,raw_zip,"30061, Marietta",success,3220,9,3,1,0,1,short_page,"Architect, 30061, Marietta, GA, US",200,,d58e3a4352df06034a1ba135e07b1aac7ed353fa
20260702T084544Z_raw_zip_max_ac84673e,raw_zip_max,architect,GA,raw_zip,"30090, Marietta",success,3665,13,5,2,0,2,short_page,"Architect, 30090, Marietta, GA, US",200,,14dd7e9fa92b774d14cce109a079156417041374
20260702T084544Z_raw_zip_max_ac84673e,raw_zip_max,architect,GA,raw_zip,"30077, Roswell",success,3855,10,5,2,0,2,empty_page,"Architect, 30077, Roswell, GA, US",200,,9f18eb4ca57043901fb32ef22ef2725d41dfee31
20260702T084544Z_raw_zip_max_ac84673e,raw_zip_max,architect,GA,raw_zip,"30087, Stone Mountain",success,3836,10,5,2,0,2,empty_page,"Architect, 30087, Stone Mountain, GA, US",200,,029a3090fee6b0009f2f6ae6a0f7953a68add609
20260702T084544Z_raw_zip_max_ac84673e,raw_zip_max,architect,GA,raw_zip,"30084, Tucker",success,4006,13,10,2,0,2,short_page,"Architect, 30084, Tucker, GA, US",200,,074e2a770c7c95ab1a44764d6fc4ddffb75537f1
20260702T084544Z_raw_zip_max_ac84673e,raw_zip_max,architect,GA,raw_zip,"30067, Marietta",success,4357,10,3,2,0,2,empty_page,"Architect, 30067, Marietta, GA, US",200,,88d9b3008b03e582badd690ef45dd10d09096020
20260702T084544Z_raw_zip_max_ac84673e,raw_zip_max,architect,GA,raw_zip,"30095, Duluth",success,2222,10,5,2,0,2,empty_page,"Architect, 30095, Duluth, GA, US",200,,cd4e76bae4983463ccdfbc83f86713fe61e142dd
20260702T084544Z_raw_zip_max_ac84673e,raw_zip_max,architect,GA,raw_zip,"30063, Marietta",success,4846,10,1,2,0,2,empty_page,"Architect, 30063, Marietta, GA, US",200,,0ae993fb4eec41efd0ddfbf6e85390afccb60ee4
20260702T084544Z_raw_zip_max_ac84673e,raw_zip_max,architect,GA,raw_zip,"30065, Marietta",success,4998,10,1,2,0,2,empty_page,"Architect, 30065, Marietta, GA, US",200,,bc3fc30fe4eab4f05ab2424e5142c19a2b11b625
20260702T084544Z_raw_zip_max_ac84673e,raw_zip_max,architect,GA,raw_zip,"30103, Adairsville",success,1264,4,3,1,0,1,short_page,"Architect, 30103, Adairsville, GA, US",200,,bce62bc89e127e124cc70c9b9727c21cebf45ea9
20260702T084544Z_raw_zip_max_ac84673e,raw_zip_max,architect,GA,raw_zip,"30171, Rydal",success,1287,1,1,1,0,1,short_page,"Architect, 30171, Rydal, GA, US",200,,04eb92a5b7643746d1695e12408481054afad6d3
20260702T084544Z_raw_zip_max_ac84673e,raw_zip_max,architect,GA,raw_zip,"30109, Bowdon Junction",success,1497,5,5,1,0,1,short_page,"Architect, 30109, Bowdon Junction, GA, US",200,,b4792c73cfe87736e642f915b46eac8d5c9e42d3
20260702T084544Z_raw_zip_max_ac84673e,raw_zip_max,architect,GA,raw_zip,"30172, Shannon",success,1369,1,1,1,0,1,short_page,"Architect, 30172, Shannon, GA, US",200,,3291dc3d8179d8c4248718b0ff8cbe7f389d1274
20260702T084544Z_raw_zip_max_ac84673e,raw_zip_max,architect,GA,raw_zip,"30068, Marietta",success,5740,20,10,3,0,3,no_new_businesses,"Architect, 30068, Marietta, GA, US",200,,4f22aeee3effcd8df0f91f8f7d1336467d3fd177
20260702T084544Z_raw_zip_max_ac84673e,raw_zip_max,architect,GA,raw_zip,"30098, Duluth",success,3066,10,1,2,0,2,empty_page,"Architect, 30098, Duluth, GA, US",200,,df57df6e487d27631976da0cefabbcf4bda64aa3
20260702T084544Z_raw_zip_max_ac84673e,raw_zip_max,architect,GA,raw_zip,"30099, Duluth",success,3306,10,3,2,0,2,empty_page,"Architect, 30099, Duluth, GA, US",200,,a88bcbf4b40a285ccc180926c4914488493b74ee
20260702T084544Z_raw_zip_max_ac84673e,raw_zip_max,architect,GA,raw_zip,"30184, White",success,1322,2,2,1,0,1,short_page,"Architect, 30184, White, GA, US",200,,6e38764034b728cd2386d6f153ec899f166dd53e
20260702T084544Z_raw_zip_max_ac84673e,raw_zip_max,architect,GA,raw_zip,"30096, Duluth",success,3963,20,9,3,0,3,no_new_businesses,"Architect, 30096, Duluth, GA, US",200,,572d3279186ae494fbec85891444eeb375d01609
20260702T084544Z_raw_zip_max_ac84673e,raw_zip_max,architect,GA,raw_zip,"30206, Concord",success,1111,0,0,1,0,1,empty_page,"Architect, 30206, Concord, GA, US",200,,7396bdc9ddec01f660d7b0059836d0e37bef9996
20260702T084544Z_raw_zip_max_ac84673e,raw_zip_max,architect,GA,raw_zip,"30094, Conyers",success,6743,30,23,4,0,4,empty_page,"Architect, 30094, Conyers, GA, US",200,,75a10b06287b3f6a6aa1270c015c91d9e6fd1fd6
20260702T084544Z_raw_zip_max_ac84673e,raw_zip_max,architect,GA,raw_zip,"30212, Experiment",success,1066,1,1,1,0,1,short_page,"Architect, 30212, Experiment, GA, US",200,,a4aba5cfda70265f929ecda8e13903a5a42d69b1
20260702T084544Z_raw_zip_max_ac84673e,raw_zip_max,architect,GA,raw_zip,"30182, Waco",success,2361,1,0,1,0,1,short_page,"Architect, 30182, Waco, GA, US",200,,3d8f3e409e44988b5540145bfb15b93d4fa1bf97
20260702T084544Z_raw_zip_max_ac84673e,raw_zip_max,architect,GA,raw_zip,"30180, Villa Rica",success,2572,10,5,2,0,2,empty_page,"Architect, 30180, Villa Rica, GA, US",200,,5a9331ed5ad9e6c93df8ab2bb15f37cbdae6dee1
20260702T084544Z_raw_zip_max_ac84673e,raw_zip_max,architect,GA,raw_zip,"30097, Duluth",success,4487,20,8,3,0,3,empty_page,"Architect, 30097, Duluth, GA, US",200,,b9d288e0ce0a343d7eabc0d819abf85187f40c91
20260702T084544Z_raw_zip_max_ac84673e,raw_zip_max,architect,GA,raw_zip,"30069, Marietta",success,7291,30,9,4,0,4,empty_page,"Architect, 30069, Marietta, GA, US",200,,81c3f53face7ccaa1b6ad12d6613e9ea9183dacf
20260702T084544Z_raw_zip_max_ac84673e,raw_zip_max,architect,GA,raw_zip,"30217, Franklin",success,1056,3,1,1,0,1,short_page,"Architect, 30217, Franklin, GA, US",200,,2ee5e623757468164841d1e46e9f6f9f45df655b
20260702T084544Z_raw_zip_max_ac84673e,raw_zip_max,architect,GA,raw_zip,"30236, Jonesboro",success,1171,5,4,1,0,1,short_page,"Architect, 30236, Jonesboro, GA, US",200,,2fd6d559d7c12d67f75ea88dff3063e74962fa58
20260702T084544Z_raw_zip_max_ac84673e,raw_zip_max,architect,GA,raw_zip,"30076, Roswell",success,7722,40,25,5,0,5,no_new_businesses,"Architect, 30076, Roswell, GA, US",200,,5a80600b3cd8140f7416006f64c644f3647ec8ea
20260702T084544Z_raw_zip_max_ac84673e,raw_zip_max,architect,GA,raw_zip,"30237, Jonesboro",success,1087,1,0,1,0,1,short_page,"Architect, 30237, Jonesboro, GA, US",200,,f060a974f12ff1c741c5d869e5cf2f20449dc367
20260702T084544Z_raw_zip_max_ac84673e,raw_zip_max,architect,GA,raw_zip,"30216, Flovilla",success,1866,3,3,1,0,1,short_page,"Architect, 30216, Flovilla, GA, US",200,,9014ebb8a1cad7c0df8daa410c7472dae7e64fea
20260702T084544Z_raw_zip_max_ac84673e,raw_zip_max,architect,GA,raw_zip,"30214, Fayetteville",success,2454,12,11,2,0,2,short_page,"Architect, 30214, Fayetteville, GA, US",200,,5fb4617297a1f852018bd8a1d2f580f65e14ed99
20260702T084544Z_raw_zip_max_ac84673e,raw_zip_max,architect,GA,raw_zip,"30410, Ailey",success,909,0,0,1,0,1,empty_page,"Architect, 30410, Ailey, GA, US",200,,ae61dc89a7fd853255f1e15640a37d55f30d5b36
20260702T084544Z_raw_zip_max_ac84673e,raw_zip_max,architect,GA,raw_zip,"30215, Fayetteville",success,2466,10,2,2,0,2,empty_page,"Architect, 30215, Fayetteville, GA, US",200,,3299d42e89531c98946a943d2373c686cee8204b
20260702T084544Z_raw_zip_max_ac84673e,raw_zip_max,architect,GA,raw_zip,"30066, Marietta",success,8461,40,15,5,0,5,no_new_businesses,"Architect, 30066, Marietta, GA, US",200,,e99725a93d81f838bb971ac2e218a0b9f64242dd
20260702T084544Z_raw_zip_max_ac84673e,raw_zip_max,architect,GA,raw_zip,"30250, Lovejoy",success,1660,1,0,1,0,1,short_page,"Architect, 30250, Lovejoy, GA, US",200,,0758a9593945b70ab134f92dfb1cdc74cfe2a850
20260702T084544Z_raw_zip_max_ac84673e,raw_zip_max,architect,GA,raw_zip,"30415, Brooklet",success,991,6,5,1,0,1,short_page,"Architect, 30415, Brooklet, GA, US",200,,bdb2f2b1f319061f4feb94b57e6310800ad86b43
20260702T084544Z_raw_zip_max_ac84673e,raw_zip_max,architect,GA,raw_zip,"30101, Acworth",success,5722,30,20,4,0,4,empty_page,"Architect, 30101, Acworth, GA, US",200,,ef03147572c9f9788a1fac3228cb6623066d9627
20260702T084544Z_raw_zip_max_ac84673e,raw_zip_max,architect,GA,raw_zip,"30375, Atlanta",success,1795,0,0,1,0,1,empty_page,"Architect, 30375, Atlanta, GA, US",200,,4ed25a63688cb96b677f63ad0af4c223c6af2ba7
20260702T084544Z_raw_zip_max_ac84673e,raw_zip_max,architect,GA,raw_zip,"30426, Girard",success,1224,0,0,1,0,1,empty_page,"Architect, 30426, Girard, GA, US",200,,2661b5d95ec80bacf92b75c7c2ff770ac2a5e4ad
20260702T084544Z_raw_zip_max_ac84673e,raw_zip_max,architect,GA,raw_zip,"30420, Cobbtown",success,1773,0,0,1,0,1,empty_page,"Architect, 30420, Cobbtown, GA, US",200,,eac7e727b577d47a8e97c0b3f6af44711c2d5870
20260702T084544Z_raw_zip_max_ac84673e,raw_zip_max,architect,GA,raw_zip,"30445, Mount Vernon",success,1192,0,0,1,0,1,empty_page,"Architect, 30445, Mount Vernon, GA, US",200,,767d9b1f21842f7ce6862930898a20158d9165eb
20260702T084544Z_raw_zip_max_ac84673e,raw_zip_max,architect,GA,raw_zip,"30438, Manassas",success,1443,4,2,1,0,1,short_page,"Architect, 30438, Manassas, GA, US",200,,188291b7b46235d2c4d407cae7ee42cd1e98c208
20260702T084544Z_raw_zip_max_ac84673e,raw_zip_max,architect,GA,raw_zip,"30446, Newington",success,1165,1,1,1,0,1,short_page,"Architect, 30446, Newington, GA, US",200,,61da7e1a11b378f1e12fb32f40da479abcc74066
20260702T084544Z_raw_zip_max_ac84673e,raw_zip_max,architect,GA,raw_zip,"30442, Millen",success,1494,0,0,1,0,1,empty_page,"Architect, 30442, Millen, GA, US",200,,67854479507f9c63ff62710a3b86313e2f3cf3e3
20260702T084544Z_raw_zip_max_ac84673e,raw_zip_max,architect,GA,raw_zip,"30436, Lyons",success,1770,1,1,1,0,1,short_page,"Architect, 30436, Lyons, GA, US",200,,94c6638b6e5f80610a743be815772744c04e0589
20260702T084544Z_raw_zip_max_ac84673e,raw_zip_max,architect,GA,raw_zip,"30428, Glenwood",success,1946,0,0,1,0,1,empty_page,"Architect, 30428, Glenwood, GA, US",200,,755119fe382d2f1242c0a1919b617192a6b72ca3
20260702T084544Z_raw_zip_max_ac84673e,raw_zip_max,architect,GA,raw_zip,"30092, Peachtree Corners",success,10229,53,27,6,0,6,short_page,"Architect, 30092, Peachtree Corners, GA, US",200,,36b9c71fbc0cf19cfc4bc5efeff529c5ab612a51
20260702T084544Z_raw_zip_max_ac84673e,raw_zip_max,architect,GA,raw_zip,"30450, Portal",success,1458,0,0,1,0,1,empty_page,"Architect, 30450, Portal, GA, US",200,,e313ddf7eddad807d29fc32c52de4622669bbf93
20260702T084544Z_raw_zip_max_ac84673e,raw_zip_max,architect,GA,raw_zip,"30467, Sylvania",success,1358,0,0,1,0,1,empty_page,"Architect, 30467, Sylvania, GA, US",200,,57e6eae0106054041741a742b2a8888413d21547
20260702T084544Z_raw_zip_max_ac84673e,raw_zip_max,architect,GA,raw_zip,"30075, Roswell",success,10429,50,13,6,0,6,empty_page,"Architect, 30075, Roswell, GA, US",200,,f9375d7e85a9641e6a134dbebfce5c08e71d1e13
20260702T084544Z_raw_zip_max_ac84673e,raw_zip_max,architect,GA,raw_zip,"30080, Smyrna",success,10547,55,27,6,0,6,short_page,"Architect, 30080, Smyrna, GA, US",200,,dfac3bc4b640f0d52670c195e005928672be2ee7
20260702T084544Z_raw_zip_max_ac84673e,raw_zip_max,architect,GA,raw_zip,"30499, Reidsville",success,1149,0,0,1,0,1,empty_page,"Architect, 30499, Reidsville, GA, US",200,,ecb3bab23da3be9261306bcbd2b5339c0d2d9095
20260702T084544Z_raw_zip_max_ac84673e,raw_zip_max,architect,GA,raw_zip,"30477, Wadley",success,1364,0,0,1,0,1,empty_page,"Architect, 30477, Wadley, GA, US",200,,7ffd90f1362b8f259b7f657dde4f47eb74071386
20260702T084544Z_raw_zip_max_ac84673e,raw_zip_max,architect,GA,raw_zip,"30234, Jenkinsburg",success,4696,20,7,3,0,3,empty_page,"Architect, 30234, Jenkinsburg, GA, US",200,,e1c773a4ff471347546889b9271192faf80d10fb
20260702T084544Z_raw_zip_max_ac84673e,raw_zip_max,architect,GA,raw_zip,"30471, Twin City",success,2123,1,1,1,0,1,short_page,"Architect, 30471, Twin City, GA, US",200,,2edeed537a7469214b051c901f1f92a5a1aa20ee
20260702T084544Z_raw_zip_max_ac84673e,raw_zip_max,architect,GA,raw_zip,"30510, Alto",success,1117,1,1,1,0,1,short_page,"Architect, 30510, Alto, GA, US",200,,805a7c9a2c9c66afb929388ae367fdc78d49d98d
20260702T084544Z_raw_zip_max_ac84673e,raw_zip_max,architect,GA,raw_zip,"30396, Atlanta",success,4141,23,10,3,0,3,short_page,"Architect, 30396, Atlanta, GA, US",200,,e3cb0e70d50a8411d20c4f526859235f42726309
20260702T084544Z_raw_zip_max_ac84673e,raw_zip_max,architect,GA,raw_zip,"30071, Norcross",success,11552,70,31,8,0,8,empty_page,"Architect, 30071, Norcross, GA, US",200,,6de3759d1c5ff4f57301c0050ba0b25897b590b5
20260702T084544Z_raw_zip_max_ac84673e,raw_zip_max,architect,GA,raw_zip,"30060, Marietta",success,11707,53,14,6,0,6,short_page,"Architect, 30060, Marietta, GA, US",200,,8f8d3e2fd825517087acab34f8714fc7b0d58bde
20260702T084544Z_raw_zip_max_ac84673e,raw_zip_max,architect,GA,raw_zip,"30512, Blairsville",success,1509,5,4,1,0,1,short_page,"Architect, 30512, Blairsville, GA, US",200,,d1a28f3612438ae50d8a87f353153cb045885838
20260702T084544Z_raw_zip_max_ac84673e,raw_zip_max,architect,GA,raw_zip,"30434, Louisville",success,3660,10,9,2,0,2,empty_page,"Architect, 30434, Louisville, GA, US",200,,d9f87347400f5e2c92ef1ab7e2fd36323a69367f
20260702T084544Z_raw_zip_max_ac84673e,raw_zip_max,architect,GA,raw_zip,"30522, Cherry Log",success,1131,3,3,1,0,1,short_page,"Architect, 30522, Cherry Log, GA, US",200,,724d3a1a6f5b1d684bf075a2801e86b80b0a8920
20260702T084544Z_raw_zip_max_ac84673e,raw_zip_max,architect,GA,raw_zip,"30515, Buford",success,1745,4,3,1,0,1,short_page,"Architect, 30515, Buford, GA, US",200,,110496be56a5574960ce98ec1dc619701e79a13a
20260702T084544Z_raw_zip_max_ac84673e,raw_zip_max,architect,GA,raw_zip,"30501, Gainesville",success,2433,10,10,2,0,2,empty_page,"Architect, 30501, Gainesville, GA, US",200,,2d53a79120398cdaa05be656c7a508149b1a6613
20260702T084544Z_raw_zip_max_ac84673e,raw_zip_max,architect,GA,raw_zip,"30252, Mcdonough",success,5085,20,19,3,0,3,empty_page,"Architect, 30252, Mcdonough, GA, US",200,,900b6849e39f3a60fcb37edf1175245df33e02e4
20260702T084544Z_raw_zip_max_ac84673e,raw_zip_max,architect,GA,raw_zip,"30371, Atlanta",success,5458,30,7,4,0,4,empty_page,"Architect, 30371, Atlanta, GA, US",200,,f73415067d0eaf8875b0cf29fd3ac6f31c60b503
20260702T084544Z_raw_zip_max_ac84673e,raw_zip_max,architect,GA,raw_zip,"30543, Gillsville",success,1161,5,3,1,0,1,short_page,"Architect, 30543, Gillsville, GA, US",200,,c1439abbfbd66b8169a29f2acc8edfa3e0f5a3cd
20260702T084544Z_raw_zip_max_ac84673e,raw_zip_max,architect,GA,raw_zip,"30545, Helen",success,1053,1,1,1,0,1,short_page,"Architect, 30545, Helen, GA, US",200,,54b84fe65da80b0d0eb879f32dfceeafbc098b19
20260702T084544Z_raw_zip_max_ac84673e,raw_zip_max,architect,GA,raw_zip,"30539, East Ellijay",success,1344,3,1,1,0,1,short_page,"Architect, 30539, East Ellijay, GA, US",200,,4a86334df45e9e2929cf4d139537de456c022d17
20260702T084544Z_raw_zip_max_ac84673e,raw_zip_max,architect,GA,raw_zip,"30523, Clarkesville",success,2158,9,8,1,0,1,short_page,"Architect, 30523, Clarkesville, GA, US",200,,f81ff65077c9ccd3890de47a79b555cce4c9f58a
20260702T084544Z_raw_zip_max_ac84673e,raw_zip_max,architect,GA,raw_zip,"30557, Martin",success,992,3,1,1,0,1,short_page,"Architect, 30557, Martin, GA, US",200,,0cc06be3ff6837f920d6fad32f42a376fb35caba
20260702T084544Z_raw_zip_max_ac84673e,raw_zip_max,architect,GA,raw_zip,"30513, Blue Ridge",success,2802,10,9,2,0,2,empty_page,"Architect, 30513, Blue Ridge, GA, US",200,,15c9c6fe9b84e7564b0f653f14aa029ed7df8c8a
20260702T084544Z_raw_zip_max_ac84673e,raw_zip_max,architect,GA,raw_zip,"30552, Lakemont",success,1452,0,0,1,0,1,empty_page,"Architect, 30552, Lakemont, GA, US",200,,25048ef44aa8c959930679b331fb6a99d96b98ae
20260702T084544Z_raw_zip_max_ac84673e,raw_zip_max,architect,GA,raw_zip,"30102, Acworth",success,9691,55,19,6,0,6,short_page,"Architect, 30102, Acworth, GA, US",200,,6474869aac3487498d03d2d6ef8e0625a8487148
20260702T084544Z_raw_zip_max_ac84673e,raw_zip_max,architect,GA,raw_zip,"30503, Gainesville",success,3560,10,0,2,0,2,empty_page,"Architect, 30503, Gainesville, GA, US",200,,4873e7fa2254a48f35ac7dd2772b92cee6506170
20260702T084544Z_raw_zip_max_ac84673e,raw_zip_max,architect,GA,raw_zip,"30504, Gainesville",success,3488,10,0,2,0,2,empty_page,"Architect, 30504, Gainesville, GA, US",200,,241d69193a9f0aa7b95d4263b7aee020ed15bfc8
20260702T084544Z_raw_zip_max_ac84673e,raw_zip_max,architect,GA,raw_zip,"30534, Dawsonville",success,2348,10,7,2,0,2,empty_page,"Architect, 30534, Dawsonville, GA, US",200,,7b096765f05ab1c099a98d39c6091a643bc6891b
20260702T084544Z_raw_zip_max_ac84673e,raw_zip_max,architect,GA,raw_zip,"30575, Talmo",success,1164,5,1,1,0,1,short_page,"Architect, 30575, Talmo, GA, US",200,,83357c0ff6f406f0f71aa328c38a03c887f43b90
20260702T084544Z_raw_zip_max_ac84673e,raw_zip_max,architect,GA,raw_zip,"30189, Woodstock",success,8746,54,29,6,0,6,short_page,"Architect, 30189, Woodstock, GA, US",200,,8814778c72721c6af04d95fbca9ba79e07719dd3
20260702T084544Z_raw_zip_max_ac84673e,raw_zip_max,architect,GA,raw_zip,"30188, Woodstock",success,9360,50,22,6,0,6,empty_page,"Architect, 30188, Woodstock, GA, US",200,,1fadede508eddf198002ed35243157159e6a0e55
20260702T084544Z_raw_zip_max_ac84673e,raw_zip_max,architect,GA,raw_zip,"30062, Marietta",success,14583,70,16,8,0,8,empty_page,"Architect, 30062, Marietta, GA, US",200,,3ff720408c7a072efbe93b19ddf3c4d2c1c43d7b
20260702T084544Z_raw_zip_max_ac84673e,raw_zip_max,architect,GA,raw_zip,"30634, Dewy Rose",success,1015,0,0,1,0,1,empty_page,"Architect, 30634, Dewy Rose, GA, US",200,,f258d899ed74d71e84a331dc077e74c80af43431
20260702T084544Z_raw_zip_max_ac84673e,raw_zip_max,architect,GA,raw_zip,"30621, Bishop",success,1098,2,2,1,0,1,short_page,"Architect, 30621, Bishop, GA, US",200,,89065c16ed45aaca4c0c16e8b2cc14a15e25c0f9
20260702T084544Z_raw_zip_max_ac84673e,raw_zip_max,architect,GA,raw_zip,"30571, Sautee Nacoochee",success,2093,2,2,1,0,1,short_page,"Architect, 30571, Sautee Nacoochee, GA, US",200,,cd6b71d31fb5cd41e79b88bdb775a8c01f75d8d0
20260702T084544Z_raw_zip_max_ac84673e,raw_zip_max,architect,GA,raw_zip,"30527, Clermont",success,3896,10,4,2,0,2,empty_page,"Architect, 30527, Clermont, GA, US",200,,4013a19c990c82eb66336bcc2ecd458bf76de628
20260702T084544Z_raw_zip_max_ac84673e,raw_zip_max,architect,GA,raw_zip,"30641, Good Hope",success,1125,4,1,1,0,1,short_page,"Architect, 30641, Good Hope, GA, US",200,,35e94cd9c7eeab93d729dd5f9ddff08e1ee51d7f
20260702T084544Z_raw_zip_max_ac84673e,raw_zip_max,architect,GA,raw_zip,"30564, Murrayville",success,3198,0,0,1,0,1,empty_page,"Architect, 30564, Murrayville, GA, US",200,,f50491173d344c564ef618817e08c823ee613a75
20260702T084544Z_raw_zip_max_ac84673e,raw_zip_max,architect,GA,raw_zip,"30660, Rayle",success,1065,1,1,1,0,1,short_page,"Architect, 30660, Rayle, GA, US",200,,b3002a62424f2a952ce2afcaa77ef07a7273395f
20260702T084544Z_raw_zip_max_ac84673e,raw_zip_max,architect,GA,raw_zip,"30558, Maysville",success,3329,10,4,2,0,2,empty_page,"Architect, 30558, Maysville, GA, US",200,,1c4b261ee0c3180ea2f1c9ee99a24b9cea283542
20260702T084544Z_raw_zip_max_ac84673e,raw_zip_max,architect,GA,raw_zip,"30604, Athens",success,2442,10,9,2,0,2,empty_page,"Architect, 30604, Athens, GA, US",200,,8c909828f1830662747140792eb3f2d8717d519d
20260702T084544Z_raw_zip_max_ac84673e,raw_zip_max,architect,GA,raw_zip,"30576, Tiger",success,2820,10,5,2,0,2,empty_page,"Architect, 30576, Tiger, GA, US",200,,0f016aa4134c363fd34e41db792d9dbbb706c0af
20260702T084544Z_raw_zip_max_ac84673e,raw_zip_max,architect,GA,raw_zip,"30619, Arnoldsville",success,2225,0,0,1,0,1,empty_page,"Architect, 30619, Arnoldsville, GA, US",200,,586910aaa822440141e4ac78be70a2d178b8fe27
20260702T084544Z_raw_zip_max_ac84673e,raw_zip_max,architect,GA,raw_zip,"30567, Pendergrass",success,3081,10,2,2,0,2,empty_page,"Architect, 30567, Pendergrass, GA, US",200,,c0b6a538bd07d57626595a98e45bf4cdaabc8e5b
20260702T084544Z_raw_zip_max_ac84673e,raw_zip_max,architect,GA,raw_zip,"30683, Winterville",success,1251,8,2,1,0,1,short_page,"Architect, 30683, Winterville, GA, US",200,,758fa8ed1187fa1ce7ca78275f034e0d73947fb2
20260702T084544Z_raw_zip_max_ac84673e,raw_zip_max,architect,GA,raw_zip,"30645, High Shoals",success,2217,3,0,1,0,1,short_page,"Architect, 30645, High Shoals, GA, US",200,,5c193d3e008a5ad1605544cb64ba28a8399f9494
20260702T084544Z_raw_zip_max_ac84673e,raw_zip_max,architect,GA,raw_zip,"30625, Buckhead",success,2825,10,2,2,0,2,empty_page,"Architect, 30625, Buckhead, GA, US",200,,2e3f8f6d8377353631bdefc16feb0526325d1625
20260702T084544Z_raw_zip_max_ac84673e,raw_zip_max,architect,GA,raw_zip,"30548, Hoschton",success,4826,10,7,2,0,2,empty_page,"Architect, 30548, Hoschton, GA, US",200,,a64ce18b79e76c763dc42f051224725975b3e70f
20260702T084544Z_raw_zip_max_ac84673e,raw_zip_max,architect,GA,raw_zip,"30705, Chatsworth",success,1590,3,3,1,0,1,short_page,"Architect, 30705, Chatsworth, GA, US",200,,6d61ff9f8860f2cd524913106f1bbac556fb2e30
20260702T084544Z_raw_zip_max_ac84673e,raw_zip_max,architect,GA,raw_zip,"30064, Marietta",success,16731,91,25,10,0,10,short_page,"Architect, 30064, Marietta, GA, US",200,,e693a9e46f7f0ebd7541fa441972d2f45ec0266a
20260702T084544Z_raw_zip_max_ac84673e,raw_zip_max,architect,GA,raw_zip,"30701, Calhoun",success,1649,9,9,1,0,1,short_page,"Architect, 30701, Calhoun, GA, US",200,,b79d6b617a4d3e5e1e818a68f73b9a70f091c2fb
20260702T084544Z_raw_zip_max_ac84673e,raw_zip_max,architect,GA,raw_zip,"30663, Rutledge",success,2234,10,5,2,0,2,empty_page,"Architect, 30663, Rutledge, GA, US",200,,8739d293d17c11af308077813a4b453ed6f51111
20260702T084544Z_raw_zip_max_ac84673e,raw_zip_max,architect,GA,raw_zip,"30680, Winder",success,2283,11,6,2,0,2,short_page,"Architect, 30680, Winder, GA, US",200,,f4b867f367005878a37de09e3c61a3bd95e43415
20260702T084544Z_raw_zip_max_ac84673e,raw_zip_max,architect,GA,raw_zip,"30708, Cisco",success,1321,0,0,1,0,1,empty_page,"Architect, 30708, Cisco, GA, US",200,,f184c73bd7355c4268ceedb7119e16f398b58a9a
20260702T084544Z_raw_zip_max_ac84673e,raw_zip_max,architect,GA,raw_zip,"30602, Athens",success,3780,20,11,3,0,3,no_new_businesses,"Architect, 30602, Athens, GA, US",200,,6a87d3eaa8092a54f092dd092a8d978110edba43
20260702T084544Z_raw_zip_max_ac84673e,raw_zip_max,architect,GA,raw_zip,"30725, Flintstone",success,1259,0,0,1,0,1,empty_page,"Architect, 30725, Flintstone, GA, US",200,,1fbefbd4ea864ace4b55427ca203ebccea23edbf
20260702T084544Z_raw_zip_max_ac84673e,raw_zip_max,architect,GA,raw_zip,"30677, Watkinsville",success,2521,10,5,2,0,2,empty_page,"Architect, 30677, Watkinsville, GA, US",200,,20aa60bd5d478289886360c6ccd8e00f5d5ea0eb
20260702T084544Z_raw_zip_max_ac84673e,raw_zip_max,architect,GA,raw_zip,"30726, Graysville",success,1435,1,1,1,0,1,short_page,"Architect, 30726, Graysville, GA, US",200,,08d7b5068e78b48cb5567b35deab788c96a79dfe
20260702T084544Z_raw_zip_max_ac84673e,raw_zip_max,architect,GA,raw_zip,"30603, Athens",success,3997,10,1,2,0,2,empty_page,"Architect, 30603, Athens, GA, US",200,,22d54cd5351ae106cec9028ae67a4fe6020f92cf
20260702T084544Z_raw_zip_max_ac84673e,raw_zip_max,architect,GA,raw_zip,"30719, Dalton",success,1561,6,6,1,0,1,short_page,"Architect, 30719, Dalton, GA, US",200,,0b6b35c913da70443a19b5dcf49dd06b743f49d1
20260702T084544Z_raw_zip_max_ac84673e,raw_zip_max,architect,GA,raw_zip,"30730, Lyerly",success,1276,0,0,1,0,1,empty_page,"Architect, 30730, Lyerly, GA, US",200,,5b911cb11c906b8666f831459f02994aceed177f
20260702T084544Z_raw_zip_max_ac84673e,raw_zip_max,architect,GA,raw_zip,"30533, Dahlonega",success,6223,30,18,4,0,4,empty_page,"Architect, 30533, Dahlonega, GA, US",200,,c4188733d6bd1944c06582cb0a172402cd41a67c
20260702T084544Z_raw_zip_max_ac84673e,raw_zip_max,architect,GA,raw_zip,"30806, Boneville",success,937,0,0,1,0,1,empty_page,"Architect, 30806, Boneville, GA, US",200,,690060bf4b2a8ebbf3ee42cf455ff29f37c0f1ff
20260702T084544Z_raw_zip_max_ac84673e,raw_zip_max,architect,GA,raw_zip,"30606, Athens",success,4155,20,10,3,0,3,empty_page,"Architect, 30606, Athens, GA, US",200,,82806e1a573c2483f953dc00802580a280062d28
20260702T084544Z_raw_zip_max_ac84673e,raw_zip_max,architect,GA,raw_zip,"30710, Cohutta",success,2148,0,0,1,0,1,empty_page,"Architect, 30710, Cohutta, GA, US",200,,e4c2f268f64fd949d9475bbf1b10ea9c6c9899d6
20260702T084544Z_raw_zip_max_ac84673e,raw_zip_max,architect,GA,raw_zip,"30807, Camak",success,1020,2,0,1,0,1,short_page,"Architect, 30807, Camak, GA, US",200,,684485114b54a144da835da8e4e93d8db9cbcddc
20260702T084544Z_raw_zip_max_ac84673e,raw_zip_max,architect,GA,raw_zip,"30519, Buford",success,7183,20,13,3,0,3,empty_page,"Architect, 30519, Buford, GA, US",200,,6332615d1f09995287849735de6187619c1691f4
20260702T084544Z_raw_zip_max_ac84673e,raw_zip_max,architect,GA,raw_zip,"30811, Gough",success,1032,0,0,1,0,1,empty_page,"Architect, 30811, Gough, GA, US",200,,2dc3c5f7ec8c526fec45c85729387a643e6bb1e5
20260702T084544Z_raw_zip_max_ac84673e,raw_zip_max,architect,GA,raw_zip,"30549, Jefferson",success,6112,30,16,4,0,4,empty_page,"Architect, 30549, Jefferson, GA, US",200,,8bac094c63f1de7901ee4f19d468f047e005ec39
20260702T084544Z_raw_zip_max_ac84673e,raw_zip_max,architect,GA,raw_zip,"30817, Lincolnton",success,1292,2,2,1,0,1,short_page,"Architect, 30817, Lincolnton, GA, US",200,,9e1c029c60e21691bdde34c8f00874d0db3a94ad
20260702T084544Z_raw_zip_max_ac84673e,raw_zip_max,architect,GA,raw_zip,"30815, Hephzibah",success,1345,1,1,1,0,1,short_page,"Architect, 30815, Hephzibah, GA, US",200,,92e8b9e2e7bce11601c3f4e25d0aea251ea32341
20260702T084544Z_raw_zip_max_ac84673e,raw_zip_max,architect,GA,raw_zip,"30812, Gracewood",success,1419,1,1,1,0,1,short_page,"Architect, 30812, Gracewood, GA, US",200,,104701717caa00e6a534d13abd151865c494a015
20260702T084544Z_raw_zip_max_ac84673e,raw_zip_max,architect,GA,raw_zip,"30707, Chickamauga",success,2830,10,10,2,0,2,empty_page,"Architect, 30707, Chickamauga, GA, US",200,,1cdf2eab5ae23625c142757a4ac7b6f219e7a0cc
20260702T084544Z_raw_zip_max_ac84673e,raw_zip_max,architect,GA,raw_zip,"30820, Mitchell",success,1322,0,0,1,0,1,empty_page,"Architect, 30820, Mitchell, GA, US",200,,14a474ec242745efd304f427f603e97a13ac7630
20260702T084544Z_raw_zip_max_ac84673e,raw_zip_max,architect,GA,raw_zip,"30818, Matthews",success,1634,0,0,1,0,1,empty_page,"Architect, 30818, Matthews, GA, US",200,,995d871e92d01b42178f8597bb5576e0e8755a17
20260702T084544Z_raw_zip_max_ac84673e,raw_zip_max,architect,GA,raw_zip,"31001, Abbeville",success,1127,0,0,1,0,1,empty_page,"Architect, 31001, Abbeville, GA, US",200,,94fb3ec33d65706d24b04cef977029a240ac1d48
20260702T084544Z_raw_zip_max_ac84673e,raw_zip_max,architect,GA,raw_zip,"31011, Chauncey",success,990,0,0,1,0,1,empty_page,"Architect, 31011, Chauncey, GA, US",200,,0d9df4a40678e91f59288399d031ac20704255cd
20260702T084544Z_raw_zip_max_ac84673e,raw_zip_max,architect,GA,raw_zip,"31002, Adrian",success,1171,0,0,1,0,1,empty_page,"Architect, 31002, Adrian, GA, US",200,,d1677bb7de6ebeed34cf6c70e9916d6c6841e36a
20260702T084544Z_raw_zip_max_ac84673e,raw_zip_max,architect,GA,raw_zip,"31013, Clinchfield",success,1118,1,0,1,0,1,short_page,"Architect, 31013, Clinchfield, GA, US",200,,4ac9ab29e7337aa49f5406a3323952f77e5ffa05
20260702T084544Z_raw_zip_max_ac84673e,raw_zip_max,architect,GA,raw_zip,"30735, Resaca",success,2784,10,4,2,0,2,empty_page,"Architect, 30735, Resaca, GA, US",200,,c7251c2ddd37bd2d23f93d810006616e0b58575f
20260702T084544Z_raw_zip_max_ac84673e,raw_zip_max,architect,GA,raw_zip,"30728, La Fayette",success,3600,12,4,2,0,2,short_page,"Architect, 30728, La Fayette, GA, US",200,,9263524ea60f62ce238d67bc2c2248b2e0f31f5a
20260702T084544Z_raw_zip_max_ac84673e,raw_zip_max,architect,GA,raw_zip,"31017, Danville",success,1220,0,0,1,0,1,empty_page,"Architect, 31017, Danville, GA, US",200,,32905803666aac9ee4f5c99fd9a737103188041c
20260702T084544Z_raw_zip_max_ac84673e,raw_zip_max,architect,GA,raw_zip,"31007, Byromville",success,1719,3,1,1,0,1,short_page,"Architect, 31007, Byromville, GA, US",200,,b8bdf8608f752dc8cc7e73103cc65a086a6c0522
20260702T084544Z_raw_zip_max_ac84673e,raw_zip_max,architect,GA,raw_zip,"31019, Dexter",success,1268,0,0,1,0,1,empty_page,"Architect, 31019, Dexter, GA, US",200,,474e9f0ea0e3ab5c1ce367dce29cc3f0fe6541b7
20260702T084544Z_raw_zip_max_ac84673e,raw_zip_max,architect,GA,raw_zip,"31015, Cordele",success,1644,5,3,1,0,1,short_page,"Architect, 31015, Cordele, GA, US",200,,2955c7daf28c8fcfb3664d64311f2924e6f92835
20260702T084544Z_raw_zip_max_ac84673e,raw_zip_max,architect,GA,raw_zip,"30905, Augusta",success,2586,10,6,2,0,2,empty_page,"Architect, 30905, Augusta, GA, US",200,,4daf9de9a898d04a59cdfd1fe255ac350421188d
20260702T084544Z_raw_zip_max_ac84673e,raw_zip_max,architect,GA,raw_zip,"30901, Augusta",success,2890,11,2,2,0,2,short_page,"Architect, 30901, Augusta, GA, US",200,,1b0aac18676654f83064f72f14914c040dd6d28e
20260702T084544Z_raw_zip_max_ac84673e,raw_zip_max,architect,GA,raw_zip,"30732, Oakman",success,3782,10,3,2,0,2,empty_page,"Architect, 30732, Oakman, GA, US",200,,5926f750729df0d7d920e6fb3c9a6f272af19e7c
20260702T084544Z_raw_zip_max_ac84673e,raw_zip_max,architect,GA,raw_zip,"30757, Wildwood",success,3527,0,0,1,0,1,empty_page,"Architect, 30757, Wildwood, GA, US",200,,76388603bddd6cfbe4cf4ae297c7940e7f4e2971
20260702T084544Z_raw_zip_max_ac84673e,raw_zip_max,architect,GA,raw_zip,"31025, Elko",success,1523,0,0,1,0,1,empty_page,"Architect, 31025, Elko, GA, US",200,,2994ac245bd1eda35c3bce64eb7ac0a9942d4550
20260702T084544Z_raw_zip_max_ac84673e,raw_zip_max,architect,GA,raw_zip,"31018, Davisboro",success,2014,0,0,1,0,1,empty_page,"Architect, 31018, Davisboro, GA, US",200,,b5abd0845f631033af69f34ff388524d68678b92
20260702T084544Z_raw_zip_max_ac84673e,raw_zip_max,architect,GA,raw_zip,"30917, Augusta",success,2961,10,2,2,0,2,empty_page,"Architect, 30917, Augusta, GA, US",200,,4f14ef0763a51c181a536c0387df739e168130ca
20260702T084544Z_raw_zip_max_ac84673e,raw_zip_max,architect,GA,raw_zip,"31028, Centerville",success,1648,3,1,1,0,1,short_page,"Architect, 31028, Centerville, GA, US",200,,b72e6693c68e9182e381e2f2cd7392561f314831
20260702T084544Z_raw_zip_max_ac84673e,raw_zip_max,architect,GA,raw_zip,"30903, Augusta",success,3428,10,0,2,0,2,empty_page,"Architect, 30903, Augusta, GA, US",200,,76d73327fe64a104a1ec48129af87fecfb98ffc2
20260702T084544Z_raw_zip_max_ac84673e,raw_zip_max,architect,GA,raw_zip,"31034, Hardwick",success,1227,0,0,1,0,1,empty_page,"Architect, 31034, Hardwick, GA, US",200,,d9025e7b9c6bfe85ce88ec3140a58d82cc1af4ba
20260702T084544Z_raw_zip_max_ac84673e,raw_zip_max,architect,GA,raw_zip,"31033, Haddock",success,1331,5,0,1,0,1,short_page,"Architect, 31033, Haddock, GA, US",200,,73018dc72adad7ec088d8d50ac763788ea7985bb
20260702T084544Z_raw_zip_max_ac84673e,raw_zip_max,architect,GA,raw_zip,"31014, Cochran",success,2864,10,8,2,0,2,empty_page,"Architect, 31014, Cochran, GA, US",200,,639dadf483a0ecc44168f7cf0131492003e23e77
20260702T084544Z_raw_zip_max_ac84673e,raw_zip_max,architect,GA,raw_zip,"31023, Eastman",success,2443,1,1,1,0,1,short_page,"Architect, 31023, Eastman, GA, US",200,,fd218a11ed2fc4b106bb54a488c832f9e6d54fab
20260702T084544Z_raw_zip_max_ac84673e,raw_zip_max,architect,GA,raw_zip,"31058, Mauk",success,1049,0,0,1,0,1,empty_page,"Architect, 31058, Mauk, GA, US",200,,425e1dc176a83708849100cf69c0db4d032daf84
20260702T084544Z_raw_zip_max_ac84673e,raw_zip_max,architect,GA,raw_zip,"31049, Kite",success,1163,0,0,1,0,1,empty_page,"Architect, 31049, Kite, GA, US",200,,4f2f8e4187bfb6d6bc00d7a677e16a049f98c0a7
20260702T084544Z_raw_zip_max_ac84673e,raw_zip_max,architect,GA,raw_zip,"31044, Jeffersonville",success,1609,0,0,1,0,1,empty_page,"Architect, 31044, Jeffersonville, GA, US",200,,bd2acd35a922de044b414cd2e7a62259a4036732
20260702T084544Z_raw_zip_max_ac84673e,raw_zip_max,architect,GA,raw_zip,"31060, Milan",success,968,0,0,1,0,1,empty_page,"Architect, 31060, Milan, GA, US",200,,f7389379eafd4b65cb20353e73c12fd67ec24821
20260702T084544Z_raw_zip_max_ac84673e,raw_zip_max,architect,GA,raw_zip,"31036, Hawkinsville",success,1820,0,0,1,0,1,empty_page,"Architect, 31036, Hawkinsville, GA, US",200,,cb61b367ba6a5bd274a258044b1f82bb4628cc28
20260702T084544Z_raw_zip_max_ac84673e,raw_zip_max,architect,GA,raw_zip,"30809, Evans",success,4528,29,20,3,0,3,short_page,"Architect, 30809, Evans, GA, US",200,,4129fd3b6c92f0116e2eac1d506e63a7d5463686
20260702T084544Z_raw_zip_max_ac84673e,raw_zip_max,architect,GA,raw_zip,"31052, Lizella",success,1305,7,2,1,0,1,short_page,"Architect, 31052, Lizella, GA, US",200,,a27d8093c218167c2843103752576e1282664343
20260702T084544Z_raw_zip_max_ac84673e,raw_zip_max,architect,GA,raw_zip,"31064, Monticello",success,1139,0,0,1,0,1,empty_page,"Architect, 31064, Monticello, GA, US",200,,2c3efaa60dfa1a409f5c57fc12a0d80b9671a3e6
20260702T084544Z_raw_zip_max_ac84673e,raw_zip_max,architect,GA,raw_zip,"31047, Kathleen",success,1776,0,0,1,0,1,empty_page,"Architect, 31047, Kathleen, GA, US",200,,a831b501c8a1a7401dc908844c29fa14c29aa766
20260702T084544Z_raw_zip_max_ac84673e,raw_zip_max,architect,GA,raw_zip,"31076, Reynolds",success,1221,2,1,1,0,1,short_page,"Architect, 31076, Reynolds, GA, US",200,,07ec0e3a3c392311aa311d7ff3e395d7fe45c44b
20260702T084544Z_raw_zip_max_ac84673e,raw_zip_max,architect,GA,raw_zip,"31020, Dry Branch",success,3568,10,4,2,0,2,empty_page,"Architect, 31020, Dry Branch, GA, US",200,,449e29c144f5887df4f139b593931ad4cb7a7387
20260702T084544Z_raw_zip_max_ac84673e,raw_zip_max,architect,GA,raw_zip,"31067, Oconee",success,1531,1,0,1,0,1,short_page,"Architect, 31067, Oconee, GA, US",200,,b211201be7f91102e5aa1a943c896da9aa8fb349
20260702T084544Z_raw_zip_max_ac84673e,raw_zip_max,architect,GA,raw_zip,"31085, Shady Dale",success,1305,0,0,1,0,1,empty_page,"Architect, 31085, Shady Dale, GA, US",200,,9bf1bbe43fb871165bcaf01519a886e1df77ac1e
20260702T084544Z_raw_zip_max_ac84673e,raw_zip_max,architect,GA,raw_zip,"31068, Oglethorpe",success,1630,1,0,1,0,1,short_page,"Architect, 31068, Oglethorpe, GA, US",200,,da94853d48b6caa0898e929c7f456c301340b088
20260702T084544Z_raw_zip_max_ac84673e,raw_zip_max,architect,GA,raw_zip,"31030, Fort Valley",success,3266,14,10,2,0,2,short_page,"Architect, 31030, Fort Valley, GA, US",200,,e75ac6499ac15e5836aa485f439679f91e601ca3
20260702T084544Z_raw_zip_max_ac84673e,raw_zip_max,architect,GA,raw_zip,"31046, Juliette",success,2510,10,5,2,0,2,empty_page,"Architect, 31046, Juliette, GA, US",200,,1ba1fed903177c1e7ac07ce433599094393ff891
20260702T084544Z_raw_zip_max_ac84673e,raw_zip_max,architect,GA,raw_zip,"31084, Seville",success,1536,1,0,1,0,1,short_page,"Architect, 31084, Seville, GA, US",200,,35c124b9471ad15ef573ec4558659bc6d2f26998
20260702T084544Z_raw_zip_max_ac84673e,raw_zip_max,architect,GA,raw_zip,"31086, Smarr",success,1367,8,0,1,0,1,short_page,"Architect, 31086, Smarr, GA, US",200,,e388d04f3689c51dfaab0fe8575dd393e850ccdb
20260702T084544Z_raw_zip_max_ac84673e,raw_zip_max,architect,GA,raw_zip,"30518, Buford",success,11915,70,32,8,0,8,empty_page,"Architect, 30518, Buford, GA, US",200,,2be700a2b423f1faaf127d16864ead679a3efc2f
20260702T084544Z_raw_zip_max_ac84673e,raw_zip_max,architect,GA,raw_zip,"31092, Vienna",success,1290,0,0,1,0,1,empty_page,"Architect, 31092, Vienna, GA, US",200,,37d756fae3d04fbf39200895c924edc84bb0286a
20260702T084544Z_raw_zip_max_ac84673e,raw_zip_max,architect,GA,raw_zip,"31090, Toomsboro",success,1295,0,0,1,0,1,empty_page,"Architect, 31090, Toomsboro, GA, US",200,,b5ec96f4f993e63261aead431c72b94f0611c7d1
20260702T084544Z_raw_zip_max_ac84673e,raw_zip_max,architect,GA,raw_zip,"31032, Gray",success,3563,10,7,2,0,2,empty_page,"Architect, 31032, Gray, GA, US",200,,7ac2db118f640d2b7d23332f875828ef436c7b06
20260702T084544Z_raw_zip_max_ac84673e,raw_zip_max,architect,GA,raw_zip,"31078, Roberta",success,2077,0,0,1,0,1,empty_page,"Architect, 31078, Roberta, GA, US",200,,da5b5189fa53b544c6672484cfafcd906188b256
20260702T084544Z_raw_zip_max_ac84673e,raw_zip_max,architect,GA,raw_zip,"31029, Forsyth",success,3936,21,7,3,0,3,short_page,"Architect, 31029, Forsyth, GA, US",200,,a1de764d5c52082742a9c71bc0cfa02618cbe1cc
20260702T084544Z_raw_zip_max_ac84673e,raw_zip_max,architect,GA,raw_zip,"30904, Augusta",success,5532,30,11,4,0,4,empty_page,"Architect, 30904, Augusta, GA, US",200,,b8d0019d61b0ae87c7f668e3dd1a75b23624f4a5
20260702T084544Z_raw_zip_max_ac84673e,raw_zip_max,architect,GA,raw_zip,"31096, Wrightsville",success,1570,2,1,1,0,1,short_page,"Architect, 31096, Wrightsville, GA, US",200,,5bf84c2311ae8f9daed3f7b13d3745520e8afab1
20260702T084544Z_raw_zip_max_ac84673e,raw_zip_max,architect,GA,raw_zip,"31310, Hinesville",success,1000,0,0,1,0,1,empty_page,"Architect, 31310, Hinesville, GA, US",200,,2297f9715532d126076f57465dfb39abdebe7ea9
20260702T084544Z_raw_zip_max_ac84673e,raw_zip_max,architect,GA,raw_zip,"31207, Macon",success,1223,8,2,1,0,1,short_page,"Architect, 31207, Macon, GA, US",200,,a6b4aba2e1409a750444749febc79d5595f472ef
20260702T084544Z_raw_zip_max_ac84673e,raw_zip_max,architect,GA,raw_zip,"31318, Meldrim",success,1081,2,2,1,0,1,short_page,"Architect, 31318, Meldrim, GA, US",200,,0dbbeb9068acd8cc196eba6765940a9d0f26f547
20260702T084544Z_raw_zip_max_ac84673e,raw_zip_max,architect,GA,raw_zip,"31304, Crescent",success,1296,0,0,1,0,1,empty_page,"Architect, 31304, Crescent, GA, US",200,,62265ea806dd9b1cf2d685b2521d48e25e9e2e7a
20260702T084544Z_raw_zip_max_ac84673e,raw_zip_max,architect,GA,raw_zip,"31326, Rincon",success,1221,2,1,1,0,1,short_page,"Architect, 31326, Rincon, GA, US",200,,32511ac37513c7cc1fc2c3d3db4cd5c32f6cfc02
20260702T084544Z_raw_zip_max_ac84673e,raw_zip_max,architect,GA,raw_zip,"31333, Walthourville",success,943,0,0,1,0,1,empty_page,"Architect, 31333, Walthourville, GA, US",200,,bd0d3812949003f18a2b657d6dc2c43c7c964478
20260702T084544Z_raw_zip_max_ac84673e,raw_zip_max,architect,GA,raw_zip,"31024, Eatonton",success,5124,20,15,3,0,3,no_new_businesses,"Architect, 31024, Eatonton, GA, US",200,,db774b616697272834ac7acee3508e52eb189efd
20260702T084544Z_raw_zip_max_ac84673e,raw_zip_max,architect,GA,raw_zip,"31331, Townsend",success,1233,0,0,1,0,1,empty_page,"Architect, 31331, Townsend, GA, US",200,,1eafb0b56a98646614a204e842bc4b9be212b028
20260702T084544Z_raw_zip_max_ac84673e,raw_zip_max,architect,GA,raw_zip,"31169, Peachtree City",success,2462,4,3,1,0,1,short_page,"Architect, 31169, Peachtree City, GA, US",200,,d4af85d5f6f7f55345e56e140146eda2d7e4d263
20260702T084544Z_raw_zip_max_ac84673e,raw_zip_max,architect,GA,raw_zip,"31320, Midway",success,2227,10,6,2,0,2,empty_page,"Architect, 31320, Midway, GA, US",200,,0d7fa391be26c29429d4f481552ab98a0b8533c5
20260702T084544Z_raw_zip_max_ac84673e,raw_zip_max,architect,GA,raw_zip,"31107, Atlanta",success,3316,10,2,2,0,2,empty_page,"Architect, 31107, Atlanta, GA, US",200,,6020108f4aced92f562d5a2993e820371f3dd485
20260702T084544Z_raw_zip_max_ac84673e,raw_zip_max,architect,GA,raw_zip,"31328, Tybee Island",success,2150,5,2,1,0,1,short_page,"Architect, 31328, Tybee Island, GA, US",200,,f5e91e54efda0b0caca22993593716bfb56e7d8c
20260702T084544Z_raw_zip_max_ac84673e,raw_zip_max,architect,GA,raw_zip,"31106, Atlanta",success,3469,24,4,3,0,3,short_page,"Architect, 31106, Atlanta, GA, US",200,,9e40a0b43d48fa00ea4c41d48e3139b196552db3
20260702T084544Z_raw_zip_max_ac84673e,raw_zip_max,architect,GA,raw_zip,"31196, Atlanta",success,2859,18,3,2,0,2,short_page,"Architect, 31196, Atlanta, GA, US",200,,286c529d9c3dcc5b07eac76ade95299d86f927a3
20260702T084544Z_raw_zip_max_ac84673e,raw_zip_max,architect,GA,raw_zip,"31156, Atlanta",success,3173,11,2,2,0,2,short_page,"Architect, 31156, Atlanta, GA, US",200,,1ad8b26daf0a552531e5bcb03a4ddbe55972136d
20260702T084544Z_raw_zip_max_ac84673e,raw_zip_max,architect,GA,raw_zip,"31403, Savannah",success,2828,14,9,2,0,2,short_page,"Architect, 31403, Savannah, GA, US",200,,3078b4a353087a12e0c1d26db14f6b4ac69fe42c
20260702T084544Z_raw_zip_max_ac84673e,raw_zip_max,architect,GA,raw_zip,"31501, Waycross",success,1344,0,0,1,0,1,empty_page,"Architect, 31501, Waycross, GA, US",200,,b72adb2f1ca6c1e953c111d8f0b14d163c672649
20260702T084544Z_raw_zip_max_ac84673e,raw_zip_max,architect,GA,raw_zip,"31329, Springfield",success,3194,10,5,2,0,2,empty_page,"Architect, 31329, Springfield, GA, US",200,,e08e36c1cd313c6f2c1e09e2ff63925db8d23439
20260702T084544Z_raw_zip_max_ac84673e,raw_zip_max,architect,GA,raw_zip,"31544, Jacksonville",success,942,0,0,1,0,1,empty_page,"Architect, 31544, Jacksonville, GA, US",200,,7b0110d791fddff139edf5f78e49e201734f9776
20260702T084544Z_raw_zip_max_ac84673e,raw_zip_max,architect,GA,raw_zip,"31416, Savannah",success,2233,14,2,2,0,2,short_page,"Architect, 31416, Savannah, GA, US",200,,d863194740e600ec531cbda77884b8f5dbf981d3
20260702T084544Z_raw_zip_max_ac84673e,raw_zip_max,architect,GA,raw_zip,"31520, Brunswick",success,1547,9,4,1,0,1,short_page,"Architect, 31520, Brunswick, GA, US",200,,34b005a230d739ae70300c428524f752171b8b46
20260702T084544Z_raw_zip_max_ac84673e,raw_zip_max,architect,GA,raw_zip,"31547, Kings Bay",success,1169,4,4,1,0,1,short_page,"Architect, 31547, Kings Bay, GA, US",200,,381dadbb1e92e2f41de77aa4637d9a2eea0ccf6c
20260702T084544Z_raw_zip_max_ac84673e,raw_zip_max,architect,GA,raw_zip,"31205, Macon",success,4319,10,0,2,0,2,empty_page,"Architect, 31205, Macon, GA, US",200,,ad2348513abbbf19e6c263212609c093d294fbd1
20260702T084544Z_raw_zip_max_ac84673e,raw_zip_max,architect,GA,raw_zip,"31550, Manor",success,1117,0,0,1,0,1,empty_page,"Architect, 31550, Manor, GA, US",200,,d80a7536912c6f7ecdc35ef0071174b7505cd8ff
20260702T084544Z_raw_zip_max_ac84673e,raw_zip_max,architect,GA,raw_zip,"31549, Lumber City",success,1192,0,0,1,0,1,empty_page,"Architect, 31549, Lumber City, GA, US",200,,ea4f72437f6562295a0a0ff32b8fe6daa2b489ff
20260702T084544Z_raw_zip_max_ac84673e,raw_zip_max,architect,GA,raw_zip,"31551, Mershon",success,1242,0,0,1,0,1,empty_page,"Architect, 31551, Mershon, GA, US",200,,0a7220d94e86312632ca917b94ff1fc186f438ae
20260702T084544Z_raw_zip_max_ac84673e,raw_zip_max,architect,GA,raw_zip,"31295, Macon",success,4917,10,2,2,0,2,empty_page,"Architect, 31295, Macon, GA, US",200,,7968d12e4b5e26448ba89caaf9d934b46d35ac67
20260702T084544Z_raw_zip_max_ac84673e,raw_zip_max,architect,GA,raw_zip,"31555, Odum",success,1001,0,0,1,0,1,empty_page,"Architect, 31555, Odum, GA, US",200,,089ad54d0ef2a8a6f53881b99b7a78ee12f38825
20260702T084544Z_raw_zip_max_ac84673e,raw_zip_max,architect,GA,raw_zip,"31557, Patterson",success,1006,5,4,1,0,1,short_page,"Architect, 31557, Patterson, GA, US",200,,016f26e8605b3f91a200a7568f17957e18a474ba
20260702T084544Z_raw_zip_max_ac84673e,raw_zip_max,architect,GA,raw_zip,"31553, Nahunta",success,1368,0,0,1,0,1,empty_page,"Architect, 31553, Nahunta, GA, US",200,,65677e868045f9ce6e948102969925ab9ea57930
20260702T084544Z_raw_zip_max_ac84673e,raw_zip_max,architect,GA,raw_zip,"31523, Brunswick",success,2469,10,2,2,0,2,empty_page,"Architect, 31523, Brunswick, GA, US",200,,75a2236529c169d3d6d64a0f4a51805936a62027
20260702T084544Z_raw_zip_max_ac84673e,raw_zip_max,architect,GA,raw_zip,"31145, Atlanta",success,5843,30,3,4,0,4,empty_page,"Architect, 31145, Atlanta, GA, US",200,,60b7fb4f278bc49cd195f966c9f0c4aae22cb530
20260702T084544Z_raw_zip_max_ac84673e,raw_zip_max,architect,GA,raw_zip,"31402, Savannah",success,4475,11,0,2,0,2,short_page,"Architect, 31402, Savannah, GA, US",200,,00141a66684006f791e61830dc873f197a05bb49
20260702T084544Z_raw_zip_max_ac84673e,raw_zip_max,architect,GA,raw_zip,"31554, Nicholls",success,1364,0,0,1,0,1,empty_page,"Architect, 31554, Nicholls, GA, US",200,,b589d852366c5ddc49676f06eb57ba43ae2e3edc
20260702T084544Z_raw_zip_max_ac84673e,raw_zip_max,architect,GA,raw_zip,"31146, Atlanta",success,5985,30,6,4,0,4,empty_page,"Architect, 31146, Atlanta, GA, US",200,,e17653d98919614e16eab21e3c9644332a9f9798
20260702T084544Z_raw_zip_max_ac84673e,raw_zip_max,architect,GA,raw_zip,"31545, Jesup",success,2968,10,9,2,0,2,empty_page,"Architect, 31545, Jesup, GA, US",200,,545516799647b903cf5d1f9af73deef5f9f02c05
20260702T084544Z_raw_zip_max_ac84673e,raw_zip_max,architect,GA,raw_zip,"31564, Waresboro",success,921,0,0,1,0,1,empty_page,"Architect, 31564, Waresboro, GA, US",200,,dcd5fce609f748cd54f9c3a8725eb53cb2da38da
20260702T084544Z_raw_zip_max_ac84673e,raw_zip_max,architect,GA,raw_zip,"31401, Savannah",success,5144,36,14,4,0,4,short_page,"Architect, 31401, Savannah, GA, US",200,,f24b463dd24f4f2152ffdd33b5552e16ac539444
20260702T084544Z_raw_zip_max_ac84673e,raw_zip_max,architect,GA,raw_zip,"31088, Warner Robins",success,6749,40,24,5,0,5,empty_page,"Architect, 31088, Warner Robins, GA, US",200,,6d7cd62446a0265e6b10a23b91c9d0d654e48a84
20260702T084544Z_raw_zip_max_ac84673e,raw_zip_max,architect,GA,raw_zip,"31569, Woodbine",success,954,3,0,1,0,1,short_page,"Architect, 31569, Woodbine, GA, US",200,,70f3641bdd06825649ec091b1e5ceae172ac426e
20260702T084544Z_raw_zip_max_ac84673e,raw_zip_max,architect,GA,raw_zip,"31566, Waynesville",success,1133,0,0,1,0,1,empty_page,"Architect, 31566, Waynesville, GA, US",200,,2b02e5173215e0c096b56ad06d034dd75143af79
20260702T084544Z_raw_zip_max_ac84673e,raw_zip_max,architect,GA,raw_zip,"31599, Jesup",success,1011,0,0,1,0,1,empty_page,"Architect, 31599, Jesup, GA, US",200,,ed9bcc7aec1a6e96bc1d615fe23618596467a554
20260702T084544Z_raw_zip_max_ac84673e,raw_zip_max,architect,GA,raw_zip,"30507, Gainesville",success,18067,110,66,12,0,12,empty_page,"Architect, 30507, Gainesville, GA, US",200,,a12d37f19098b88c64610660e7e77980bcc052a2
20260702T084544Z_raw_zip_max_ac84673e,raw_zip_max,architect,GA,raw_zip,"31560, Screven",success,1969,0,0,1,0,1,empty_page,"Architect, 31560, Screven, GA, US",200,,78041d668ad8844ff7f4936cc8274dcf88e70a0f
20260702T084544Z_raw_zip_max_ac84673e,raw_zip_max,architect,GA,raw_zip,"31606, Valdosta",success,1068,8,6,1,0,1,short_page,"Architect, 31606, Valdosta, GA, US",200,,a3d4c5f19b97962cab04f441f022be5224135123
20260702T084544Z_raw_zip_max_ac84673e,raw_zip_max,architect,GA,raw_zip,"31527, Jekyll Island",success,3764,10,7,2,0,2,empty_page,"Architect, 31527, Jekyll Island, GA, US",200,,d75d08c30d47e5a4acc002a684f6166062336e1b
20260702T084544Z_raw_zip_max_ac84673e,raw_zip_max,architect,GA,raw_zip,"31407, Port Wentworth",success,5147,32,14,4,0,4,short_page,"Architect, 31407, Port Wentworth, GA, US",200,,52be4b0d7b3fb8cf85c267d7bac4f837366cf79f
20260702T084544Z_raw_zip_max_ac84673e,raw_zip_max,architect,GA,raw_zip,"31561, Sea Island",success,1713,8,4,1,0,1,short_page,"Architect, 31561, Sea Island, GA, US",200,,b097d7027897ca8c181800c034e5244bc60576cc
20260702T084544Z_raw_zip_max_ac84673e,raw_zip_max,architect,GA,raw_zip,"31622, Alapaha",success,1195,0,0,1,0,1,empty_page,"Architect, 31622, Alapaha, GA, US",200,,0a067dc2ec3bb371c6bc1fde0d322224cfdfece1
20260702T084544Z_raw_zip_max_ac84673e,raw_zip_max,architect,GA,raw_zip,"31567, West Green",success,1605,1,1,1,0,1,short_page,"Architect, 31567, West Green, GA, US",200,,72f4229890540810ea01e8aec1dfe24677a72b04
20260702T084544Z_raw_zip_max_ac84673e,raw_zip_max,architect,GA,raw_zip,"31623, Argyle",success,1528,0,0,1,0,1,empty_page,"Architect, 31623, Argyle, GA, US",200,,8459f34d946851f4a4f01e341fc1e4828468e3e5
20260702T084544Z_raw_zip_max_ac84673e,raw_zip_max,architect,GA,raw_zip,"31563, Surrency",success,2121,1,0,1,0,1,short_page,"Architect, 31563, Surrency, GA, US",200,,516fd2afaf7a986941df1d5996097f4579689af7
20260702T084544Z_raw_zip_max_ac84673e,raw_zip_max,architect,GA,raw_zip,"31632, Hahira",success,1032,2,1,1,0,1,short_page,"Architect, 31632, Hahira, GA, US",200,,104c5a03e7771c4364b9882b57f5e9bb8585bf3d
20260702T084544Z_raw_zip_max_ac84673e,raw_zip_max,architect,GA,raw_zip,"31630, Du Pont",success,1102,0,0,1,0,1,empty_page,"Architect, 31630, Du Pont, GA, US",200,,d44e3b05a2167d88e21bcc959e00162f342db684
20260702T084544Z_raw_zip_max_ac84673e,raw_zip_max,architect,GA,raw_zip,"31620, Adel",success,1702,0,0,1,0,1,empty_page,"Architect, 31620, Adel, GA, US",200,,0ded086e2ba5dbe6f3908fd1a3ae07f813e08ac2
20260702T084544Z_raw_zip_max_ac84673e,raw_zip_max,architect,GA,raw_zip,"31699, Moody Afb",success,1083,0,0,1,0,1,empty_page,"Architect, 31699, Moody Afb, GA, US",200,,d5eec124073ccddb95624d37b6b1a0e3c9c1e125
20260702T084544Z_raw_zip_max_ac84673e,raw_zip_max,architect,GA,raw_zip,"31639, Nashville",success,1303,8,8,1,0,1,short_page,"Architect, 31639, Nashville, GA, US",200,,6d8fac3b54036cba9b19deeddd60f19c1eea4022
20260702T084544Z_raw_zip_max_ac84673e,raw_zip_max,architect,GA,raw_zip,"31638, Morven",success,1373,6,0,1,0,1,short_page,"Architect, 31638, Morven, GA, US",200,,f6c7983eebf16aea58d56682b877fb083974403b
20260702T084544Z_raw_zip_max_ac84673e,raw_zip_max,architect,GA,raw_zip,"31722, Berlin",success,976,2,1,1,0,1,short_page,"Architect, 31722, Berlin, GA, US",200,,3686b24f137c29355133f22b670f02c43f2ceef8
20260702T084544Z_raw_zip_max_ac84673e,raw_zip_max,architect,GA,raw_zip,"31716, Baconton",success,1056,0,0,1,0,1,empty_page,"Architect, 31716, Baconton, GA, US",200,,31c4adfa8de0744dbb70969c91f3e3d0574956cb
20260702T084544Z_raw_zip_max_ac84673e,raw_zip_max,architect,GA,raw_zip,"31712, Arabi",success,1310,0,0,1,0,1,empty_page,"Architect, 31712, Arabi, GA, US",200,,fc7bed32194452a76caf2122f171b8879a1ea6f8
20260702T084544Z_raw_zip_max_ac84673e,raw_zip_max,architect,GA,raw_zip,"31714, Ashburn",success,1284,1,1,1,0,1,short_page,"Architect, 31714, Ashburn, GA, US",200,,6d5c443a47c0cf8ff1f60c506dfbc44ac5a604d8
20260702T084544Z_raw_zip_max_ac84673e,raw_zip_max,architect,GA,raw_zip,"31601, Valdosta",success,2611,10,4,2,0,2,empty_page,"Architect, 31601, Valdosta, GA, US",200,,826b2ac32d3323a037ce32859ecdf12467dfd9d0
20260702T084544Z_raw_zip_max_ac84673e,raw_zip_max,architect,GA,raw_zip,"31419, Savannah",success,5887,20,4,3,0,3,empty_page,"Architect, 31419, Savannah, GA, US",200,,9c39846474dee1d611c765e6d56a83924f003456
20260702T084544Z_raw_zip_max_ac84673e,raw_zip_max,architect,GA,raw_zip,"31727, Brookfield",success,1339,0,0,1,0,1,empty_page,"Architect, 31727, Brookfield, GA, US",200,,cb228db0dbcd78df9a782750208c7e916384071d
20260702T084544Z_raw_zip_max_ac84673e,raw_zip_max,architect,GA,raw_zip,"31747, Ellenton",success,1013,0,0,1,0,1,empty_page,"Architect, 31747, Ellenton, GA, US",200,,d1235e6cc28734f2620b6a31b8977af883cdec15
20260702T084544Z_raw_zip_max_ac84673e,raw_zip_max,architect,GA,raw_zip,"31760, Irwinville",success,1027,0,0,1,0,1,empty_page,"Architect, 31760, Irwinville, GA, US",200,,bec67209d58d03c44e4cd8d15a343b83ef60e64f
20260702T084544Z_raw_zip_max_ac84673e,raw_zip_max,architect,GA,raw_zip,"31744, Doerun",success,1084,1,0,1,0,1,short_page,"Architect, 31744, Doerun, GA, US",200,,b4f66d50ffcee9dd17b5b004fc3b4d4c8581fe89
20260702T084544Z_raw_zip_max_ac84673e,raw_zip_max,architect,GA,raw_zip,"31404, Savannah",success,6853,40,7,5,0,5,no_new_businesses,"Architect, 31404, Savannah, GA, US",200,,d00e057fd22f2c2ac7bf282a1bcc09e6467f53d9
20260702T084544Z_raw_zip_max_ac84673e,raw_zip_max,architect,GA,raw_zip,"31650, Willacoochee",success,1980,0,0,1,0,1,empty_page,"Architect, 31650, Willacoochee, GA, US",200,,23290689e3edff0a060adfec5cee031de519ec16
20260702T084544Z_raw_zip_max_ac84673e,raw_zip_max,architect,GA,raw_zip,"31625, Barney",success,2367,10,1,2,0,2,empty_page,"Architect, 31625, Barney, GA, US",200,,338c936c0e857a16954b16b0045dbaf8be475e7d
20260702T084544Z_raw_zip_max_ac84673e,raw_zip_max,architect,GA,raw_zip,"31764, Leslie",success,1360,0,0,1,0,1,empty_page,"Architect, 31764, Leslie, GA, US",200,,27885da8eda4925b9f423e569576a87f25776db1
20260702T084544Z_raw_zip_max_ac84673e,raw_zip_max,architect,GA,raw_zip,"31631, Fargo",success,2567,10,1,2,0,2,empty_page,"Architect, 31631, Fargo, GA, US",200,,3791c04f0b8a1dc183f83e7a2ce6298376089736
20260702T084544Z_raw_zip_max_ac84673e,raw_zip_max,architect,GA,raw_zip,"31771, Norman Park",success,1511,2,0,1,0,1,short_page,"Architect, 31771, Norman Park, GA, US",200,,b4c82f81984c0281b40285de3208c5d7aad6adab
20260702T084544Z_raw_zip_max_ac84673e,raw_zip_max,architect,GA,raw_zip,"31901, Columbus",success,1201,9,8,1,0,1,short_page,"Architect, 31901, Columbus, GA, US",200,,3f0e459227bcc01f1510accfb493759c9acac22a
20260702T084544Z_raw_zip_max_ac84673e,raw_zip_max,architect,GA,raw_zip,"39815, Attapulgus",success,947,0,0,1,0,1,empty_page,"Architect, 39815, Attapulgus, GA, US",200,,28bd42555b7bc07387c7c1c9bd53f57a04eb5a20
20260702T084544Z_raw_zip_max_ac84673e,raw_zip_max,architect,GA,raw_zip,"31917, Columbus",success,1191,8,2,1,0,1,short_page,"Architect, 31917, Columbus, GA, US",200,,bc97a6ac1ad1ddd9db873484e6aa043bee0bad17
20260702T084544Z_raw_zip_max_ac84673e,raw_zip_max,architect,GA,raw_zip,"31993, Columbus",success,1188,9,1,1,0,1,short_page,"Architect, 31993, Columbus, GA, US",200,,ad97c4df27c89d0f207177601eb02ccd6a762ab7
20260702T084544Z_raw_zip_max_ac84673e,raw_zip_max,architect,GA,raw_zip,"31905, Fort Benning",success,1467,6,2,1,0,1,short_page,"Architect, 31905, Fort Benning, GA, US",200,,b406e243d224341c6e207b24e84299471e737755
20260702T084544Z_raw_zip_max_ac84673e,raw_zip_max,architect,GA,raw_zip,"39813, Arlington",success,1378,0,0,1,0,1,empty_page,"Architect, 39813, Arlington, GA, US",200,,0f5ab8bf49e9fcc2655648b73e02ab76c0dd2249
20260702T084544Z_raw_zip_max_ac84673e,raw_zip_max,architect,GA,raw_zip,"31706, Albany",success,2795,0,0,1,0,1,empty_page,"Architect, 31706, Albany, GA, US",200,,3a729211cbd622192361a70e97622e929da19414
20260702T084544Z_raw_zip_max_ac84673e,raw_zip_max,architect,GA,raw_zip,"39829, Calvary",success,1026,0,0,1,0,1,empty_page,"Architect, 39829, Calvary, GA, US",200,,45254d7e70996b4a680b29941ba0c28f8c249050
20260702T084544Z_raw_zip_max_ac84673e,raw_zip_max,architect,GA,raw_zip,"39825, Brinson",success,1108,0,0,1,0,1,empty_page,"Architect, 39825, Brinson, GA, US",200,,c931e691967367371b77ca7d15a9695838eccd13
20260702T084544Z_raw_zip_max_ac84673e,raw_zip_max,architect,GA,raw_zip,"39837, Colquitt",success,1140,0,0,1,0,1,empty_page,"Architect, 39837, Colquitt, GA, US",200,,515ed2ee2df48fe71ddd7a1540c9cb104d4a0b7f
20260702T084544Z_raw_zip_max_ac84673e,raw_zip_max,architect,GA,raw_zip,"39817, Bainbridge",success,1499,1,1,1,0,1,short_page,"Architect, 39817, Bainbridge, GA, US",200,,ffc1b83074c47d5296079f322ee6cd6ba47711ed
20260702T084544Z_raw_zip_max_ac84673e,raw_zip_max,architect,GA,raw_zip,"39840, Cuthbert",success,1118,9,1,1,0,1,short_page,"Architect, 39840, Cuthbert, GA, US",200,,f87b04a94c1ae8733339e2d47ac6a1b823d2da46
20260702T084544Z_raw_zip_max_ac84673e,raw_zip_max,architect,GA,raw_zip,"31914, Columbus",success,1838,0,0,1,0,1,empty_page,"Architect, 31914, Columbus, GA, US",200,,f1d40b8242d73b2887a5b61ce2d4948b80e38ae5
20260702T084544Z_raw_zip_max_ac84673e,raw_zip_max,architect,GA,raw_zip,"31735, Cobb",success,2790,10,0,2,0,2,empty_page,"Architect, 31735, Cobb, GA, US",200,,b9ac14b62fa38f5027b22a7cff09cdaa14280075
20260702T084544Z_raw_zip_max_ac84673e,raw_zip_max,architect,GA,raw_zip,"39834, Climax",success,1389,0,0,1,0,1,empty_page,"Architect, 39834, Climax, GA, US",200,,5262528f200bce4fbb398789f97759ece4b56f74
20260702T084544Z_raw_zip_max_ac84673e,raw_zip_max,architect,GA,raw_zip,"39846, Edison",success,954,0,0,1,0,1,empty_page,"Architect, 39846, Edison, GA, US",200,,c72318defee76c83bc658e48a3f6d47a9775e172
20260702T084544Z_raw_zip_max_ac84673e,raw_zip_max,architect,GA,raw_zip,"39824, Bluffton",success,1687,0,0,1,0,1,empty_page,"Architect, 39824, Bluffton, GA, US",200,,d2563834e5760e69bb447620a909d6faaad820da
20260702T084544Z_raw_zip_max_ac84673e,raw_zip_max,architect,GA,raw_zip,"39862, Leary",success,970,0,0,1,0,1,empty_page,"Architect, 39862, Leary, GA, US",200,,afebf4b4fbd626ac2d6114e052d024dcb40dedff
20260702T084544Z_raw_zip_max_ac84673e,raw_zip_max,architect,GA,raw_zip,"39861, Jakin",success,994,0,0,1,0,1,empty_page,"Architect, 39861, Jakin, GA, US",200,,aec16e0e7aaa2578c361a182705b2facc07a28bd
20260702T084544Z_raw_zip_max_ac84673e,raw_zip_max,architect,GA,raw_zip,"39866, Morgan",success,954,0,0,1,0,1,empty_page,"Architect, 39866, Morgan, GA, US",200,,75384c0564f17630ffd59e86a281cc58251eab55
20260702T084544Z_raw_zip_max_ac84673e,raw_zip_max,architect,GA,raw_zip,"31409, Savannah",success,8388,57,24,6,0,6,short_page,"Architect, 31409, Savannah, GA, US",200,,8ba02e731ff78df155ceaaa95dfb6adff5375e91
20260702T084544Z_raw_zip_max_ac84673e,raw_zip_max,architect,GA,raw_zip,"39851, Fort Gaines",success,1714,0,0,1,0,1,empty_page,"Architect, 39851, Fort Gaines, GA, US",200,,513752b50717966c8d3a91a87e9f7e6225a13bfb
20260702T084544Z_raw_zip_max_ac84673e,raw_zip_max,architect,GA,raw_zip,"39827, Cairo",success,2688,10,5,2,0,2,empty_page,"Architect, 39827, Cairo, GA, US",200,,7f8b183af41f8c84105a30fc8c08ea2dc9ba7844
20260702T084544Z_raw_zip_max_ac84673e,raw_zip_max,architect,GA,raw_zip,"39870, Newton",success,1847,0,0,1,0,1,empty_page,"Architect, 39870, Newton, GA, US",200,,95c469ac1a5528c757df8276f4ed0ba8643539cf
20260702T084544Z_raw_zip_max_ac84673e,raw_zip_max,architect,GA,raw_zip,"39823, Blakely",success,2983,10,7,2,0,2,empty_page,"Architect, 39823, Blakely, GA, US",200,,e2643cf3828886ded166fc9d960e661d645bfd2f
20260702T084544Z_raw_zip_max_ac84673e,raw_zip_max,architect,GA,raw_zip,"39842, Dawson",success,2540,4,2,1,0,1,short_page,"Architect, 39842, Dawson, GA, US",200,,c3a4b77e632c8f7065170e6239a40b25fc4f2a5a
20260702T084544Z_raw_zip_max_ac84673e,raw_zip_max,architect,GA,raw_zip,"39845, Donalsonville",success,2429,2,2,1,0,1,short_page,"Architect, 39845, Donalsonville, GA, US",200,,05169587c40ff678ae99891142cc03f57afbd7b2
20260702T084544Z_raw_zip_max_ac84673e,raw_zip_max,architect,GA,raw_zip,"39901, Atlanta",success,2507,17,0,2,0,2,short_page,"Architect, 39901, Atlanta, GA, US",200,,c6a12a8293782a2851224513f78a1a3f9f757ef2
20260702T084544Z_raw_zip_max_ac84673e,raw_zip_max,architect,GA,raw_zip,"31410, Savannah",success,13941,90,29,10,0,10,empty_page,"Architect, 31410, Savannah, GA, US",200,,43687f5c0298ca7d49c13bbcce5fe625d4fd38c8
20260702T084544Z_raw_zip_max_ac84673e,raw_zip_max,architect,GA,raw_zip,"31411, Savannah",success,14346,80,18,9,0,9,no_new_businesses,"Architect, 31411, Savannah, GA, US",200,,1c4fda6203ba110ed1439b6762a4774ee90cd8ed
20260702T084544Z_raw_zip_max_ac84673e,raw_zip_max,architect,GA,raw_zip,"31405, Savannah",success,18999,110,20,12,0,12,empty_page,"Architect, 31405, Savannah, GA, US",200,,8d34b2bb19ba1c489d53d3ec08b86ad1f232223a
